table_name,grantee,privilege_type
access_code_redemptions,anon,INSERT
access_code_redemptions,anon,TRIGGER
access_code_redemptions,anon,REFERENCES
access_code_redemptions,anon,TRUNCATE
access_code_redemptions,anon,DELETE
access_code_redemptions,anon,UPDATE
access_code_redemptions,anon,SELECT
access_code_redemptions,authenticated,TRIGGER
access_code_redemptions,authenticated,INSERT
access_code_redemptions,authenticated,SELECT
access_code_redemptions,authenticated,UPDATE
access_code_redemptions,authenticated,DELETE
access_code_redemptions,authenticated,TRUNCATE
access_code_redemptions,authenticated,REFERENCES
access_codes,anon,INSERT
access_codes,anon,SELECT
access_codes,anon,UPDATE
access_codes,anon,DELETE
access_codes,anon,TRUNCATE
access_codes,anon,REFERENCES
access_codes,anon,TRIGGER
access_codes,authenticated,SELECT
access_codes,authenticated,TRIGGER
access_codes,authenticated,REFERENCES
access_codes,authenticated,TRUNCATE
access_codes,authenticated,DELETE
access_codes,authenticated,UPDATE
access_codes,authenticated,INSERT
ask_mutu_messages,anon,INSERT
ask_mutu_messages,anon,TRIGGER
ask_mutu_messages,anon,REFERENCES
ask_mutu_messages,anon,TRUNCATE
ask_mutu_messages,anon,DELETE
ask_mutu_messages,anon,UPDATE
ask_mutu_messages,anon,SELECT
ask_mutu_messages,authenticated,SELECT
ask_mutu_messages,authenticated,TRIGGER
ask_mutu_messages,authenticated,REFERENCES
ask_mutu_messages,authenticated,TRUNCATE
ask_mutu_messages,authenticated,DELETE
ask_mutu_messages,authenticated,UPDATE
ask_mutu_messages,authenticated,INSERT
discover_event_promos,anon,INSERT
discover_event_promos,anon,SELECT
discover_event_promos,anon,UPDATE
discover_event_promos,anon,DELETE
discover_event_promos,anon,TRUNCATE
discover_event_promos,anon,REFERENCES
discover_event_promos,anon,TRIGGER
discover_event_promos,authenticated,INSERT
discover_event_promos,authenticated,TRIGGER
discover_event_promos,authenticated,SELECT
discover_event_promos,authenticated,UPDATE
discover_event_promos,authenticated,DELETE
discover_event_promos,authenticated,TRUNCATE
discover_event_promos,authenticated,REFERENCES
email_logs,anon,TRIGGER
email_logs,anon,INSERT
email_logs,anon,SELECT
email_logs,anon,UPDATE
email_logs,anon,DELETE
email_logs,anon,TRUNCATE
email_logs,anon,REFERENCES
email_logs,authenticated,SELECT
email_logs,authenticated,INSERT
email_logs,authenticated,TRIGGER
email_logs,authenticated,REFERENCES
email_logs,authenticated,TRUNCATE
email_logs,authenticated,DELETE
email_logs,authenticated,UPDATE
email_subscriptions,anon,INSERT
email_subscriptions,anon,TRIGGER
email_subscriptions,anon,REFERENCES
email_subscriptions,anon,TRUNCATE
email_subscriptions,anon,DELETE
email_subscriptions,anon,UPDATE
email_subscriptions,anon,SELECT
email_subscriptions,authenticated,SELECT
email_subscriptions,authenticated,UPDATE
email_subscriptions,authenticated,DELETE
email_subscriptions,authenticated,TRUNCATE
email_subscriptions,authenticated,REFERENCES
email_subscriptions,authenticated,TRIGGER
email_subscriptions,authenticated,INSERT
encounter_confirmation_requests,anon,SELECT
encounter_confirmation_requests,anon,UPDATE
encounter_confirmation_requests,anon,DELETE
encounter_confirmation_requests,anon,TRUNCATE
encounter_confirmation_requests,anon,REFERENCES
encounter_confirmation_requests,anon,TRIGGER
encounter_confirmation_requests,anon,INSERT
encounter_confirmation_requests,authenticated,REFERENCES
encounter_confirmation_requests,authenticated,TRUNCATE
encounter_confirmation_requests,authenticated,DELETE
encounter_confirmation_requests,authenticated,UPDATE
encounter_confirmation_requests,authenticated,SELECT
encounter_confirmation_requests,authenticated,INSERT
encounter_confirmation_requests,authenticated,TRIGGER
event_attendees,anon,INSERT
event_attendees,anon,UPDATE
event_attendees,anon,DELETE
event_attendees,anon,TRUNCATE
event_attendees,anon,REFERENCES
event_attendees,anon,TRIGGER
event_attendees,anon,SELECT
event_attendees,authenticated,REFERENCES
event_attendees,authenticated,TRUNCATE
event_attendees,authenticated,DELETE
event_attendees,authenticated,UPDATE
event_attendees,authenticated,SELECT
event_attendees,authenticated,INSERT
event_attendees,authenticated,TRIGGER
event_encounters,anon,TRUNCATE
event_encounters,anon,TRIGGER
event_encounters,anon,REFERENCES
event_encounters,anon,DELETE
event_encounters,anon,UPDATE
event_encounters,anon,SELECT
event_encounters,anon,INSERT
event_encounters,authenticated,INSERT
event_encounters,authenticated,TRIGGER
event_encounters,authenticated,REFERENCES
event_encounters,authenticated,TRUNCATE
event_encounters,authenticated,DELETE
event_encounters,authenticated,UPDATE
event_encounters,authenticated,SELECT
event_goals,anon,TRIGGER
event_goals,anon,INSERT
event_goals,anon,SELECT
event_goals,anon,UPDATE
event_goals,anon,DELETE
event_goals,anon,TRUNCATE
event_goals,anon,REFERENCES
event_goals,authenticated,TRIGGER
event_goals,authenticated,REFERENCES
event_goals,authenticated,TRUNCATE
event_goals,authenticated,DELETE
event_goals,authenticated,UPDATE
event_goals,authenticated,SELECT
event_goals,authenticated,INSERT
event_marketplace_feed,anon,INSERT
event_marketplace_feed,anon,TRIGGER
event_marketplace_feed,anon,REFERENCES
event_marketplace_feed,anon,TRUNCATE
event_marketplace_feed,anon,DELETE
event_marketplace_feed,anon,UPDATE
event_marketplace_feed,anon,SELECT
event_marketplace_feed,authenticated,INSERT
event_marketplace_feed,authenticated,SELECT
event_marketplace_feed,authenticated,UPDATE
event_marketplace_feed,authenticated,DELETE
event_marketplace_feed,authenticated,TRUNCATE
event_marketplace_feed,authenticated,REFERENCES
event_marketplace_feed,authenticated,TRIGGER
event_marketplace_interest,anon,SELECT
event_marketplace_interest,anon,TRIGGER
event_marketplace_interest,anon,REFERENCES
event_marketplace_interest,anon,TRUNCATE
event_marketplace_interest,anon,DELETE
event_marketplace_interest,anon,UPDATE
event_marketplace_interest,anon,INSERT
event_marketplace_interest,authenticated,TRIGGER
event_marketplace_interest,authenticated,INSERT
event_marketplace_interest,authenticated,SELECT
event_marketplace_interest,authenticated,UPDATE
event_marketplace_interest,authenticated,DELETE
event_marketplace_interest,authenticated,TRUNCATE
event_marketplace_interest,authenticated,REFERENCES
event_marketplace_interest_stats,anon,INSERT
event_marketplace_interest_stats,anon,TRIGGER
event_marketplace_interest_stats,anon,REFERENCES
event_marketplace_interest_stats,anon,TRUNCATE
event_marketplace_interest_stats,anon,DELETE
event_marketplace_interest_stats,anon,UPDATE
event_marketplace_interest_stats,anon,SELECT
event_marketplace_interest_stats,authenticated,TRIGGER
event_marketplace_interest_stats,authenticated,SELECT
event_marketplace_interest_stats,authenticated,UPDATE
event_marketplace_interest_stats,authenticated,DELETE
event_marketplace_interest_stats,authenticated,TRUNCATE
event_marketplace_interest_stats,authenticated,REFERENCES
event_marketplace_interest_stats,authenticated,INSERT
event_marketplace_interest_view,anon,SELECT
event_marketplace_interest_view,anon,TRIGGER
event_marketplace_interest_view,anon,REFERENCES
event_marketplace_interest_view,anon,TRUNCATE
event_marketplace_interest_view,anon,DELETE
event_marketplace_interest_view,anon,UPDATE
event_marketplace_interest_view,anon,INSERT
event_marketplace_interest_view,authenticated,INSERT
event_marketplace_interest_view,authenticated,TRIGGER
event_marketplace_interest_view,authenticated,REFERENCES
event_marketplace_interest_view,authenticated,SELECT
event_marketplace_interest_view,authenticated,TRUNCATE
event_marketplace_interest_view,authenticated,DELETE
event_marketplace_interest_view,authenticated,UPDATE
event_marketplace_posts,anon,DELETE
event_marketplace_posts,anon,INSERT
event_marketplace_posts,anon,SELECT
event_marketplace_posts,anon,UPDATE
event_marketplace_posts,anon,TRUNCATE
event_marketplace_posts,anon,REFERENCES
event_marketplace_posts,anon,TRIGGER
event_marketplace_posts,authenticated,UPDATE
event_marketplace_posts,authenticated,INSERT
event_marketplace_posts,authenticated,DELETE
event_marketplace_posts,authenticated,TRUNCATE
event_marketplace_posts,authenticated,REFERENCES
event_marketplace_posts,authenticated,SELECT
event_marketplace_posts,authenticated,TRIGGER
event_messages,anon,DELETE
event_messages,anon,REFERENCES
event_messages,anon,TRIGGER
event_messages,anon,INSERT
event_messages,anon,SELECT
event_messages,anon,UPDATE
event_messages,anon,TRUNCATE
event_messages,authenticated,INSERT
event_messages,authenticated,TRIGGER
event_messages,authenticated,REFERENCES
event_messages,authenticated,TRUNCATE
event_messages,authenticated,DELETE
event_messages,authenticated,UPDATE
event_messages,authenticated,SELECT
event_promo_events,anon,INSERT
event_promo_events,anon,TRIGGER
event_promo_events,anon,SELECT
event_promo_events,anon,UPDATE
event_promo_events,anon,DELETE
event_promo_events,anon,TRUNCATE
event_promo_events,anon,REFERENCES
event_promo_events,authenticated,TRIGGER
event_promo_events,authenticated,INSERT
event_promo_events,authenticated,SELECT
event_promo_events,authenticated,UPDATE
event_promo_events,authenticated,DELETE
event_promo_events,authenticated,TRUNCATE
event_promo_events,authenticated,REFERENCES
events,anon,TRIGGER
events,anon,INSERT
events,anon,SELECT
events,anon,UPDATE
events,anon,DELETE
events,anon,TRUNCATE
events,anon,REFERENCES
events,authenticated,REFERENCES
events,authenticated,INSERT
events,authenticated,SELECT
events,authenticated,UPDATE
events,authenticated,DELETE
events,authenticated,TRUNCATE
events,authenticated,TRIGGER
exchange_confirmations,anon,TRIGGER
exchange_confirmations,anon,SELECT
exchange_confirmations,anon,UPDATE
exchange_confirmations,anon,DELETE
exchange_confirmations,anon,TRUNCATE
exchange_confirmations,anon,REFERENCES
exchange_confirmations,anon,INSERT
exchange_confirmations,authenticated,TRUNCATE
exchange_confirmations,authenticated,TRIGGER
exchange_confirmations,authenticated,REFERENCES
exchange_confirmations,authenticated,DELETE
exchange_confirmations,authenticated,UPDATE
exchange_confirmations,authenticated,SELECT
exchange_confirmations,authenticated,INSERT
funnel_events,anon,SELECT
funnel_events,anon,UPDATE
funnel_events,anon,DELETE
funnel_events,anon,INSERT
funnel_events,anon,TRUNCATE
funnel_events,anon,REFERENCES
funnel_events,anon,TRIGGER
funnel_events,authenticated,INSERT
funnel_events,authenticated,SELECT
funnel_events,authenticated,UPDATE
funnel_events,authenticated,DELETE
funnel_events,authenticated,TRUNCATE
funnel_events,authenticated,REFERENCES
funnel_events,authenticated,TRIGGER
invites,anon,REFERENCES
invites,anon,INSERT
invites,anon,SELECT
invites,anon,UPDATE
invites,anon,DELETE
invites,anon,TRUNCATE
invites,anon,TRIGGER
invites,authenticated,INSERT
invites,authenticated,TRIGGER
invites,authenticated,REFERENCES
invites,authenticated,TRUNCATE
invites,authenticated,DELETE
invites,authenticated,UPDATE
invites,authenticated,SELECT
leaderboard,anon,INSERT
leaderboard,anon,TRIGGER
leaderboard,anon,REFERENCES
leaderboard,anon,TRUNCATE
leaderboard,anon,DELETE
leaderboard,anon,UPDATE
leaderboard,anon,SELECT
leaderboard,authenticated,UPDATE
leaderboard,authenticated,INSERT
leaderboard,authenticated,TRIGGER
leaderboard,authenticated,REFERENCES
leaderboard,authenticated,TRUNCATE
leaderboard,authenticated,DELETE
leaderboard,authenticated,SELECT
match_nudges,anon,INSERT
match_nudges,anon,SELECT
match_nudges,anon,UPDATE
match_nudges,anon,DELETE
match_nudges,anon,TRUNCATE
match_nudges,anon,REFERENCES
match_nudges,anon,TRIGGER
match_nudges,authenticated,INSERT
match_nudges,authenticated,TRIGGER
match_nudges,authenticated,REFERENCES
match_nudges,authenticated,TRUNCATE
match_nudges,authenticated,DELETE
match_nudges,authenticated,UPDATE
match_nudges,authenticated,SELECT
matches,anon,TRIGGER
matches,anon,INSERT
matches,anon,SELECT
matches,anon,UPDATE
matches,anon,DELETE
matches,anon,TRUNCATE
matches,anon,REFERENCES
matches,authenticated,INSERT
matches,authenticated,TRIGGER
matches,authenticated,REFERENCES
matches,authenticated,TRUNCATE
matches,authenticated,DELETE
matches,authenticated,UPDATE
matches,authenticated,SELECT
messages,anon,SELECT
messages,anon,TRIGGER
messages,anon,REFERENCES
messages,anon,TRUNCATE
messages,anon,DELETE
messages,anon,UPDATE
messages,anon,INSERT
messages,authenticated,DELETE
messages,authenticated,TRIGGER
messages,authenticated,REFERENCES
messages,authenticated,TRUNCATE
messages,authenticated,UPDATE
messages,authenticated,SELECT
messages,authenticated,INSERT
notifications,anon,INSERT
notifications,anon,SELECT
notifications,anon,DELETE
notifications,anon,TRUNCATE
notifications,anon,REFERENCES
notifications,anon,TRIGGER
notifications,anon,UPDATE
notifications,authenticated,UPDATE
notifications,authenticated,INSERT
notifications,authenticated,TRIGGER
notifications,authenticated,REFERENCES
notifications,authenticated,TRUNCATE
notifications,authenticated,DELETE
notifications,authenticated,SELECT
point_ledger,anon,UPDATE
point_ledger,anon,SELECT
point_ledger,anon,DELETE
point_ledger,anon,TRUNCATE
point_ledger,anon,REFERENCES
point_ledger,anon,TRIGGER
point_ledger,anon,INSERT
point_ledger,authenticated,INSERT
point_ledger,authenticated,TRIGGER
point_ledger,authenticated,REFERENCES
point_ledger,authenticated,TRUNCATE
point_ledger,authenticated,DELETE
point_ledger,authenticated,UPDATE
point_ledger,authenticated,SELECT
post_interactions,anon,SELECT
post_interactions,anon,UPDATE
post_interactions,anon,DELETE
post_interactions,anon,TRUNCATE
post_interactions,anon,REFERENCES
post_interactions,anon,TRIGGER
post_interactions,anon,INSERT
post_interactions,authenticated,SELECT
post_interactions,authenticated,TRIGGER
post_interactions,authenticated,REFERENCES
post_interactions,authenticated,TRUNCATE
post_interactions,authenticated,DELETE
post_interactions,authenticated,UPDATE
post_interactions,authenticated,INSERT
posts,anon,TRIGGER
posts,anon,REFERENCES
posts,anon,TRUNCATE
posts,anon,DELETE
posts,anon,UPDATE
posts,anon,SELECT
posts,anon,INSERT
posts,authenticated,TRIGGER
posts,authenticated,INSERT
posts,authenticated,SELECT
posts,authenticated,UPDATE
posts,authenticated,DELETE
posts,authenticated,TRUNCATE
posts,authenticated,REFERENCES
profile_custom_tags,anon,INSERT
profile_custom_tags,anon,TRIGGER
profile_custom_tags,anon,REFERENCES
profile_custom_tags,anon,TRUNCATE
profile_custom_tags,anon,DELETE
profile_custom_tags,anon,UPDATE
profile_custom_tags,anon,SELECT
profile_custom_tags,authenticated,TRIGGER
profile_custom_tags,authenticated,REFERENCES
profile_custom_tags,authenticated,TRUNCATE
profile_custom_tags,authenticated,DELETE
profile_custom_tags,authenticated,UPDATE
profile_custom_tags,authenticated,SELECT
profile_custom_tags,authenticated,INSERT
profile_migration_log,anon,INSERT
profile_migration_log,anon,SELECT
profile_migration_log,anon,UPDATE
profile_migration_log,anon,DELETE
profile_migration_log,anon,TRUNCATE
profile_migration_log,anon,REFERENCES
profile_migration_log,anon,TRIGGER
profile_migration_log,authenticated,UPDATE
profile_migration_log,authenticated,INSERT
profile_migration_log,authenticated,SELECT
profile_migration_log,authenticated,TRIGGER
profile_migration_log,authenticated,REFERENCES
profile_migration_log,authenticated,TRUNCATE
profile_migration_log,authenticated,DELETE
profiles,anon,UPDATE
profiles,anon,INSERT
profiles,anon,SELECT
profiles,anon,DELETE
profiles,anon,TRUNCATE
profiles,anon,REFERENCES
profiles,anon,TRIGGER
profiles,authenticated,SELECT
profiles,authenticated,UPDATE
profiles,authenticated,DELETE
profiles,authenticated,TRUNCATE
profiles,authenticated,REFERENCES
profiles,authenticated,TRIGGER
profiles,authenticated,INSERT
recognition_events,anon,REFERENCES
recognition_events,anon,SELECT
recognition_events,anon,UPDATE
recognition_events,anon,DELETE
recognition_events,anon,TRIGGER
recognition_events,anon,TRUNCATE
recognition_events,anon,INSERT
recognition_events,authenticated,REFERENCES
recognition_events,authenticated,TRIGGER
recognition_events,authenticated,INSERT
recognition_events,authenticated,SELECT
recognition_events,authenticated,UPDATE
recognition_events,authenticated,DELETE
recognition_events,authenticated,TRUNCATE
recognition_received,anon,TRIGGER
recognition_received,anon,REFERENCES
recognition_received,anon,TRUNCATE
recognition_received,anon,DELETE
recognition_received,anon,UPDATE
recognition_received,anon,INSERT
recognition_received,anon,SELECT
recognition_received,authenticated,REFERENCES
recognition_received,authenticated,INSERT
recognition_received,authenticated,SELECT
recognition_received,authenticated,UPDATE
recognition_received,authenticated,DELETE
recognition_received,authenticated,TRUNCATE
recognition_received,authenticated,TRIGGER
reports,anon,REFERENCES
reports,anon,TRIGGER
reports,anon,TRUNCATE
reports,anon,DELETE
reports,anon,UPDATE
reports,anon,SELECT
reports,anon,INSERT
reports,authenticated,INSERT
reports,authenticated,UPDATE
reports,authenticated,DELETE
reports,authenticated,TRUNCATE
reports,authenticated,REFERENCES
reports,authenticated,TRIGGER
reports,authenticated,SELECT
reviews,anon,INSERT
reviews,anon,REFERENCES
reviews,anon,TRUNCATE
reviews,anon,DELETE
reviews,anon,TRIGGER
reviews,anon,UPDATE
reviews,anon,SELECT
reviews,authenticated,TRUNCATE
reviews,authenticated,TRIGGER
reviews,authenticated,INSERT
reviews,authenticated,SELECT
reviews,authenticated,UPDATE
reviews,authenticated,DELETE
reviews,authenticated,REFERENCES
trust_signal,anon,DELETE
trust_signal,anon,TRIGGER
trust_signal,anon,REFERENCES
trust_signal,anon,TRUNCATE
trust_signal,anon,UPDATE
trust_signal,anon,SELECT
trust_signal,anon,INSERT
trust_signal,authenticated,INSERT
trust_signal,authenticated,REFERENCES
trust_signal,authenticated,SELECT
trust_signal,authenticated,TRUNCATE
trust_signal,authenticated,DELETE
trust_signal,authenticated,UPDATE
trust_signal,authenticated,TRIGGER
user_emails,anon,UPDATE
user_emails,anon,INSERT
user_emails,anon,SELECT
user_emails,anon,DELETE
user_emails,anon,TRUNCATE
user_emails,anon,REFERENCES
user_emails,anon,TRIGGER
user_emails,authenticated,UPDATE
user_emails,authenticated,INSERT
user_emails,authenticated,TRIGGER
user_emails,authenticated,SELECT
user_emails,authenticated,REFERENCES
user_emails,authenticated,TRUNCATE
user_emails,authenticated,DELETE